{
  "iter012_ask_conc_low_vol": {
    "formula": "zscore(ask_depth_concentration, 300) * (rolling_realized_vol(mid_px, 100) < 30)",
    "threshold": 5.0,
    "direction": "long_if_neg",
    "H": 20,
    "is": {
      "wr": 1.0,
      "exp_bps": 9.936716288610905,
      "n": 260,
      "curve": [
        [
          1,
          45,
          1.0,
          9.098411253140142
        ],
        [
          5,
          122,
          1.0,
          9.699384934357084
        ],
        [
          20,
          260,
          1.0,
          9.936716288610905
        ],
        [
          50,
          324,
          0.9629629629629629,
          9.834049235754549
        ],
        [
          100,
          374,
          0.9732620320855615,
          10.124897105184141
        ],
        [
          200,
          513,
          0.9044834307992202,
          9.605802236627927
        ]
      ]
    },
    "oos": {
      "wr": 0.930939226519337,
      "exp_bps": 15.016578465008473,
      "n": 362,
      "curve": [
        [
          1,
          72,
          0.9722222222222222,
          13.603417062699636
        ],
        [
          5,
          184,
          0.9728260869565217,
          13.435258745491574
        ],
        [
          20,
          362,
          0.930939226519337,
          15.016578465008473
        ],
        [
          50,
          550,
          0.9563636363636364,
          15.737649033044105
        ],
        [
          100,
          742,
          0.9595687331536388,
          16.777278162574806
        ],
        [
          200,
          817,
          0.9388004895960832,
          16.320899691930855
        ]
      ]
    }
  },
  "iter013_ask_conc_low_vol_h50": {
    "formula": "zscore(ask_depth_concentration, 300) * (rolling_realized_vol(mid_px, 100) < 30)",
    "threshold": 5.0,
    "direction": "long_if_neg",
    "H": 50,
    "is": {
      "wr": 0.9629629629629629,
      "exp_bps": 9.834049235754549,
      "n": 324,
      "curve": [
        [
          1,
          45,
          1.0,
          9.098411253140142
        ],
        [
          5,
          122,
          1.0,
          9.699384934357084
        ],
        [
          20,
          260,
          1.0,
          9.936716288610905
        ],
        [
          50,
          324,
          0.9629629629629629,
          9.834049235754549
        ],
        [
          100,
          374,
          0.9732620320855615,
          10.124897105184141
        ],
        [
          200,
          513,
          0.9044834307992202,
          9.605802236627927
        ]
      ]
    },
    "oos": {
      "wr": 0.9563636363636364,
      "exp_bps": 15.737649033044105,
      "n": 550,
      "curve": [
        [
          1,
          72,
          0.9722222222222222,
          13.603417062699636
        ],
        [
          5,
          184,
          0.9728260869565217,
          13.435258745491574
        ],
        [
          20,
          362,
          0.930939226519337,
          15.016578465008473
        ],
        [
          50,
          550,
          0.9563636363636364,
          15.737649033044105
        ],
        [
          100,
          742,
          0.9595687331536388,
          16.777278162574806
        ],
        [
          200,
          817,
          0.9388004895960832,
          16.320899691930855
        ]
      ]
    }
  },
  "iter014_wall_break_filter": {
    "formula": "(zscore(ask_depth_concentration, 300) * (rolling_realized_vol(mid_px, 100) < 30)) * (zscore(trade_imbalance_signed, 300) < 1.0)",
    "threshold": 5.0,
    "direction": "long_if_neg",
    "H": 50,
    "is": {
      "wr": 0.9629629629629629,
      "exp_bps": 9.834049235754549,
      "n": 324,
      "curve": [
        [
          1,
          45,
          1.0,
          9.098411253140142
        ],
        [
          5,
          122,
          1.0,
          9.699384934357084
        ],
        [
          20,
          260,
          1.0,
          9.936716288610905
        ],
        [
          50,
          324,
          0.9629629629629629,
          9.834049235754549
        ],
        [
          100,
          374,
          0.9732620320855615,
          10.124897105184141
        ],
        [
          200,
          513,
          0.9044834307992202,
          9.605802236627927
        ]
      ]
    },
    "oos": {
      "wr": 0.9563636363636364,
      "exp_bps": 15.737649033044105,
      "n": 550,
      "curve": [
        [
          1,
          72,
          0.9722222222222222,
          13.603417062699636
        ],
        [
          5,
          184,
          0.9728260869565217,
          13.435258745491574
        ],
        [
          20,
          362,
          0.930939226519337,
          15.016578465008473
        ],
        [
          50,
          550,
          0.9563636363636364,
          15.737649033044105
        ],
        [
          100,
          742,
          0.9595687331536388,
          16.777278162574806
        ],
        [
          200,
          817,
          0.9388004895960832,
          16.320899691930855
        ]
      ]
    }
  },
  "iter021_bbo_divergence_low_vol": {
    "formula": "(obi_1 - obi_ex_bbo) * (rolling_realized_vol(mid_px, 100) < 30)",
    "threshold": 1.2,
    "direction": "long_if_pos",
    "H": 1,
    "is": {
      "wr": 0.9952153110047847,
      "exp_bps": 7.4122480282651795,
      "n": 418,
      "curve": [
        [
          1,
          418,
          0.9952153110047847,
          7.4122480282651795
        ],
        [
          5,
          1438,
          0.9860917941585535,
          7.508898250438375
        ],
        [
          20,
          4060,
          0.9743842364532019,
          7.642957853302551
        ],
        [
          50,
          7360,
          0.9532608695652174,
          7.529184318427429
        ],
        [
          100,
          10791,
          0.912890371605968,
          6.911927033676929
        ],
        [
          200,
          14523,
          0.828960958479653,
          5.624016887204911
        ]
      ]
    },
    "oos": {
      "wr": 0.9972972972972973,
      "exp_bps": 10.003724831821938,
      "n": 370,
      "curve": [
        [
          1,
          370,
          0.9972972972972973,
          10.003724831821938
        ],
        [
          5,
          1382,
          0.9934876989869754,
          10.25785476667585
        ],
        [
          20,
          3747,
          0.9807846277021617,
          10.130657438147704
        ],
        [
          50,
          6164,
          0.9453277092796886,
          9.894147197016368
        ],
        [
          100,
          8557,
          0.914572864321608,
          9.666244578462797
        ],
        [
          200,
          10283,
          0.8420694349897889,
          8.934184243536473
        ]
      ]
    }
  },
  "iter003_full_consensus_tight": {
    "formula": "(obi_1 + obi_ex_bbo) - 2 * ask_depth_concentration",
    "threshold": 1.5,
    "direction": "long_if_pos",
    "H": 10,
    "is": {
      "wr": 0.9556974269684658,
      "exp_bps": 7.005526294874833,
      "n": 5169,
      "curve": [
        [
          1,
          1538,
          0.9668400520156046,
          6.2184960896086645
        ],
        [
          5,
          3670,
          0.9637602179836512,
          6.8913664384429705
        ],
        [
          10,
          5169,
          0.9556974269684658,
          7.005526294874833
        ],
        [
          20,
          7168,
          0.9398716517857143,
          6.98007175914256
        ],
        [
          50,
          10394,
          0.8945545507023283,
          6.704602671402553
        ],
        [
          100,
          12998,
          0.8142791198645946,
          5.966260646789291
        ],
        [
          200,
          16230,
          0.7280345040049292,
          5.064579569761068
        ]
      ]
    },