{
  "stats": {
    "005930": {
      "obi_1": {
        "mean": 0.011776012883396851,
        "std": 0.5320327447256559,
        "n": 249869
      },
      "obi_3": {
        "mean": 0.041121786635467894,
        "std": 0.42397168352159725,
        "n": 249869
      },
      "obi_5": {
        "mean": 0.043191745232628594,
        "std": 0.446845634558625,
        "n": 249869
      },
      "obi_10": {
        "mean": 0.05646939029415987,
        "std": 0.4627211242565255,
        "n": 249869
      },
      "obi_total": {
        "mean": 0.05646939029415987,
        "std": 0.4627211242565255,
        "n": 249869
      },
      "microprice": {
        "mean": 194912.593328933,
        "std": 6657.442955680459,
        "n": 249869
      },
      "microprice_dev_bps": {
        "mean": -0.13553799252627396,
        "std": 3.373837584336572,
        "n": 249869
      },
      "vamp_bbo": {
        "mean": 194912.593328933,
        "std": 6657.442955680459,
        "n": 249869
      },
      "vamp_5": {
        "mean": 194928.23687043134,
        "std": 6602.228020863302,
        "n": 249869
      },
      "vamp_10": {
        "mean": 195002.8245293345,
        "std": 6599.679698627483,
        "n": 249869
      },
      "spread_bps": {
        "mean": 11.634529427876151,
        "std": 9.165751272853441,
        "n": 249869
      },
      "book_slope_bid": {
        "mean": 0.5338698856853339,
        "std": 32.15310274776376,
        "n": 249869
      },
      "book_slope_ask": {
        "mean": -5.343361935526658,
        "std": 192.3424927901839,
        "n": 249869
      },
      "book_thickness": {
        "mean": 817398.7171557896,
        "std": 810628.819527354,
        "n": 249869
      },
      "ofi_proxy": {
        "mean": 0.1278273938199325,
        "std": 0.8944395550116597,
        "n": 249869
      },
      "mid_px": {
        "mean": 194915.5847664176,
        "std": 6667.761169145758,
        "n": 249869
      },
      "minute_of_session": {
        "mean": 2.037698329840295,
        "std": 0.3045946016251328,
        "n": 249869
      },
      "bid_depth_concentration": {
        "mean": 0.10579982563347878,
        "std": 0.11449216823424159,
        "n": 249869
      },
      "ask_depth_concentration": {
        "mean": 0.11367452012720239,
        "std": 0.12305498391213454,
        "n": 249869
      },
      "obi_ex_bbo": {
        "mean": 0.04158579020490989,
        "std": 0.49379413191015176,
        "n": 249869
      },
      "queue_imbalance_best": {
        "mean": 0.5058880064416585,
        "std": 0.2660163723628289,
        "n": 249869
      },
      "book_pressure_asymmetry": {
        "mean": 0.05646939029415987,
        "std": 0.4627211242565255,
        "n": 249869
      },
      "lee_ready_proper": {
        "mean": 2.2796225222016337,
        "std": 299.29702404722343,
        "n": 249869
      },
      "transaction_power_signal": {
        "mean": -0.27092533919373746,
        "std": 19.89505846478645,
        "n": 249869
      },
      "aggressive_buy_indicator": {
        "mean": -0.20493938823943747,
        "std": 0.9574038673635735,
        "n": 249869
      },
      "trade_price_dev_bps": {
        "mean": 0.7726608312387268,
        "std": 6.160661837254441,
        "n": 249869
      },
      "vpin_proxy_per_tick": {
        "mean": 0.9586223180946816,
        "std": 0.19916216845942572,
        "n": 249869
      }
    },
    "000660": {
      "obi_1": {
        "mean": -0.05199986412567792,
        "std": 0.548733467126542,
        "n": 259718
      },
      "obi_3": {
        "mean": -0.05295667859648099,
        "std": 0.44622135608183516,
        "n": 259718
      },
      "obi_5": {
        "mean": -0.018755910203176577,
        "std": 0.4807809647744028,
        "n": 259718
      },
      "obi_10": {
        "mean": -0.003412834182646399,
        "std": 0.4924111788662778,
        "n": 259718
      },
      "obi_total": {
        "mean": -0.003412834182646399,
        "std": 0.4924111788662778,
        "n": 259718
      },
      "microprice": {
        "mean": 989172.8076522017,
        "std": 32328.045291001075,
        "n": 259718
      },
      "microprice_dev_bps": {
        "mean": -0.24585868257771012,
        "std": 2.8566352452253105,
        "n": 259718
      },
      "vamp_bbo": {
        "mean": 989172.8076522017,
        "std": 32328.045291001075,
        "n": 259718
      },
      "vamp_5": {
        "mean": 989226.8626142192,
        "std": 32141.812417482826,
        "n": 259718
      },
      "vamp_10": {
        "mean": 989291.8138352629,
        "std": 32142.836088927677,
        "n": 259718
      },
      "spread_bps": {
        "mean": 10.205465230286302,
        "std": 1.3643533667157286,
        "n": 259718
      },
      "book_slope_bid": {
        "mean": 6.379560199787955,
        "std": 355.76649186990284,
        "n": 259718
      },
      "book_slope_ask": {
        "mean": -33.61439016538255,
        "std": 741.9824803237506,
        "n": 259718
      },
      "book_thickness": {
        "mean": 85922.5789240638,
        "std": 41919.5751897646,
        "n": 259718
      },
      "ofi_proxy": {
        "mean": 0.05212215420417196,
        "std": 0.8901865993097124,
        "n": 259718
      },
      "mid_px": {
        "mean": 989198.1052526202,
        "std": 32356.680988421747,
        "n": 259718
      },
      "minute_of_session": {
        "mean": 2.0356025026263773,
        "std": 0.3126857724901945,
        "n": 259718
      },
      "bid_depth_concentration": {
        "mean": 0.10561191977295017,
        "std": 0.11556038445662085,
        "n": 259718
      },
      "ask_depth_concentration": {
        "mean": 0.12857451221934485,
        "std": 0.15005802339969473,
        "n": 259718
      },
      "obi_ex_bbo": {
        "mean": 0.004444872029428452,
        "std": 0.5391698558253887,
        "n": 259718
      },
      "queue_imbalance_best": {
        "mean": 0.4740000679370349,
        "std": 0.27436673356326224,
        "n": 259718
      },
      "book_pressure_asymmetry": {
        "mean": -0.003412834182646399,
        "std": 0.4924111788662778,
        "n": 259718
      },
      "lee_ready_proper": {
        "mean": 0.24346791520033267,
        "std": 67.65726785837126,
        "n": 259718
      },
      "transaction_power_signal": {
        "mean": 4.893189003754071,
        "std": 23.303366608525163,
        "n": 259718
      },
      "aggressive_buy_indicator": {
        "mean": -0.045064262007254025,
        "std": 0.9765352587887023,
        "n": 259718
      },
      "trade_price_dev_bps": {
        "mean": 0.17871786952663177,
        "std": 4.780109525510513,
        "n": 259718
      },
      "vpin_proxy_per_tick": {
        "mean": 0.9556518993677758,
        "std": 0.20586730338385043,
        "n": 259718
      }
    },
    "005380": {
      "obi_1": {
        "mean": -0.018581269002485874,
        "std": 0.4696588972953632,
        "n": 276084
      },
      "obi_3": {
        "mean": 0.16045958980721442,
        "std": 0.3961103003267567,
        "n": 276084
      },
      "obi_5": {
        "mean": 0.25005921929754515,
        "std": 0.38658810233324403,
        "n": 276084
      },
      "obi_10": {
        "mean": 0.2697638726896242,
        "std": 0.3766757734298522,
        "n": 276084
      },
      "obi_total": {
        "mean": 0.2697638726896242,
        "std": 0.3766757734298522,
        "n": 276084
      },
      "microprice": {
        "mean": 512919.68048701866,
        "std": 17149.671256086836,
        "n": 276084
      },
      "microprice_dev_bps": {
        "mean": -0.1786715933849792,
        "std": 3.9487200848515847,
        "n": 276084
      },
      "vamp_bbo": {
        "mean": 512919.68048701866,
        "std": 17149.671256086836,
        "n": 276084
      },
      "vamp_5": {
        "mean": 513635.12520176085,
        "std": 16985.547339353536,
        "n": 276084
      },