{
  "stats": {
    "005930": {
      "obi_1": {
        "mean": 0.04355816558670359,
        "std": 0.5450226231921743,
        "n": 106182
      },
      "obi_3": {
        "mean": 0.20237587640280338,
        "std": 0.4175846907786102,
        "n": 106182
      },
      "obi_5": {
        "mean": 0.2691553717901338,
        "std": 0.445296261316845,
        "n": 106182
      },
      "obi_10": {
        "mean": 0.3436536602483333,
        "std": 0.4725607666129535,
        "n": 106182
      },
      "obi_total": {
        "mean": 0.3436536602483333,
        "std": 0.4725607666129535,
        "n": 106182
      },
      "microprice": {
        "mean": 188822.04372755106,
        "std": 6001.420344347107,
        "n": 106182
      },
      "microprice_dev_bps": {
        "mean": 0.1178864294886271,
        "std": 1.4575036492710682,
        "n": 106182
      },
      "vamp_bbo": {
        "mean": 188822.04372755106,
        "std": 6001.420344347107,
        "n": 106182
      },
      "vamp_5": {
        "mean": 188901.45327981398,
        "std": 5937.971237081665,
        "n": 106182
      },
      "vamp_10": {
        "mean": 189015.25732802533,
        "std": 5827.200674308081,
        "n": 106182
      },
      "spread_bps": {
        "mean": 5.318525011849979,
        "std": 0.3476284918157572,
        "n": 106182
      },
      "book_slope_bid": {
        "mean": 0.005919911049066756,
        "std": 0.004370285654372117,
        "n": 106182
      },
      "book_slope_ask": {
        "mean": 0.010422477962287484,
        "std": 0.006127431640632491,
        "n": 106182
      },
      "book_thickness": {
        "mean": 420322.54380215105,
        "std": 199679.72970944218,
        "n": 106182
      },
      "ofi_proxy": {
        "mean": 0.20124079685961063,
        "std": 0.8780666134062848,
        "n": 106182
      },
      "mid_px": {
        "mean": 188819.8753084327,
        "std": 6003.139592483315,
        "n": 106182
      },
      "minute_of_session": {
        "mean": 193.6310566605765,
        "std": 109.6342107456597,
        "n": 106182
      },
      "bid_depth_concentration": {
        "mean": 0.0662163567032084,
        "std": 0.0760332342455215,
        "n": 106182
      },
      "ask_depth_concentration": {
        "mean": 0.13593988173106147,
        "std": 0.13125376463644822,
        "n": 106182
      },
      "obi_ex_bbo": {
        "mean": 0.2958136771092389,
        "std": 0.4907104352116568,
        "n": 106182
      },
      "queue_imbalance_best": {
        "mean": 0.5217790827933106,
        "std": 0.27251131159609354,
        "n": 106182
      },
      "book_pressure_asymmetry": {
        "mean": 0.3436536602483333,
        "std": 0.4725607666129535,
        "n": 106182
      }
    },
    "000660": {
      "obi_1": {
        "mean": -0.01852482749132032,
        "std": 0.5123024954293041,
        "n": 101866
      },
      "obi_3": {
        "mean": 0.146201395645221,
        "std": 0.4004997508561746,
        "n": 101866
      },
      "obi_5": {
        "mean": 0.22397776864395866,
        "std": 0.42878870195543045,
        "n": 101866
      },
      "obi_10": {
        "mean": 0.2835388046413594,
        "std": 0.4365752466816969,
        "n": 101866
      },
      "obi_total": {
        "mean": 0.2835388046413594,
        "std": 0.4365752466816969,
        "n": 101866
      },
      "microprice": {
        "mean": 960120.6136674909,
        "std": 24335.298076669642,
        "n": 101866
      },
      "microprice_dev_bps": {
        "mean": -0.09297152579295677,
        "std": 2.6857924608895245,
        "n": 101866
      },
      "vamp_bbo": {
        "mean": 960120.6136674909,
        "std": 24335.298076669642,
        "n": 101866
      },
      "vamp_5": {
        "mean": 960828.0570623758,
        "std": 23617.777932130066,
        "n": 101866
      },
      "vamp_10": {
        "mean": 961702.2537418801,
        "std": 22312.036412450187,
        "n": 101866
      },
      "spread_bps": {
        "mean": 10.453956392098485,
        "std": 0.6516970992186882,
        "n": 101866
      },
      "book_slope_bid": {
        "mean": 0.21578500165554124,
        "std": 0.15574366056546515,
        "n": 101866
      },
      "book_slope_ask": {
        "mean": 0.3445082149300308,
        "std": 0.2147817083818355,
        "n": 101866
      },
      "book_thickness": {
        "mean": 103336.92683525415,
        "std": 41655.74760404057,
        "n": 101866
      },
      "ofi_proxy": {
        "mean": 0.15589995799048956,
        "std": 0.8794418795030872,
        "n": 101866
      },
      "mid_px": {
        "mean": 960129.9943062455,
        "std": 24352.07590255328,
        "n": 101866
      },
      "minute_of_session": {
        "mean": 192.1318293398517,
        "std": 110.04194629852726,
        "n": 101866
      },
      "bid_depth_concentration": {
        "mean": 0.06942319309548708,
        "std": 0.062484187702984945,
        "n": 101866
      },
      "ask_depth_concentration": {
        "mean": 0.15432010113697764,
        "std": 0.1265833565533151,
        "n": 101866
      },
      "obi_ex_bbo": {
        "mean": 0.2765624166650984,
        "std": 0.4734415308714009,
        "n": 101866
      },
      "queue_imbalance_best": {
        "mean": 0.49073758625423886,
        "std": 0.2561512477146599,
        "n": 101866
      },
      "book_pressure_asymmetry": {
        "mean": 0.2835388046413594,
        "std": 0.4365752466816969,
        "n": 101866
      }
    }
  },
  "metadata": {
    "dates": [
      "20260317",
      "20260323",
      "20260326"
    ],
    "symbols": [
      "005930",
      "000660"
    ],
    "n_primitives": 22,
    "sample_per_pair": 30000,
    "computed_at": "2026-04-26T01:11:59.403958"
  }
}