{
  "stats": {
    "005930": {
      "obi_1": {
        "mean": 0.0606440545397153,
        "std": 0.5564315444298484,
        "n": 94849
      },
      "obi_3": {
        "mean": 0.21450030791169078,
        "std": 0.4288324982335406,
        "n": 94849
      },
      "obi_5": {
        "mean": 0.2809430400673922,
        "std": 0.45393489970071166,
        "n": 94849
      },
      "obi_10": {
        "mean": 0.3543352298572424,
        "std": 0.480234490718309,
        "n": 94849
      },
      "obi_total": {
        "mean": 0.3543352298572424,
        "std": 0.480234490718309,
        "n": 94849
      },
      "microprice": {
        "mean": 188555.67202451,
        "std": 6080.960079800487,
        "n": 94849
      },
      "microprice_dev_bps": {
        "mean": 0.16535383663287226,
        "std": 1.4971851562706546,
        "n": 94849
      },
      "vamp_bbo": {
        "mean": 188555.67202451,
        "std": 6080.960079800487,
        "n": 94849
      },
      "vamp_5": {
        "mean": 188634.20680253048,
        "std": 6018.403340458827,
        "n": 94849
      },
      "vamp_10": {
        "mean": 188745.98301807267,
        "std": 5913.715613171341,
        "n": 94849
      },
      "spread_bps": {
        "mean": 5.327918965230856,
        "std": 0.41423222630668444,
        "n": 94849
      },
      "book_slope_bid": {
        "mean": 1.1373574577491417,
        "std": 52.070842913338694,
        "n": 94849
      },
      "book_slope_ask": {
        "mean": -1.8761404532523367,
        "std": 23.65466303091064,
        "n": 94849
      },
      "book_thickness": {
        "mean": 408297.01887210197,
        "std": 193844.97646611906,
        "n": 94849
      },
      "ofi_proxy": {
        "mean": 0.2054320172531112,
        "std": 0.8818755377382987,
        "n": 94849
      },
      "mid_px": {
        "mean": 188552.64736581303,
        "std": 6083.713497444773,
        "n": 94849
      },
      "minute_of_session": {
        "mean": 2.038181154508406,
        "std": 0.30248001748713366,
        "n": 94849
      },
      "bid_depth_concentration": {
        "mean": 0.07962121836594922,
        "std": 0.11535814543218825,
        "n": 94849
      },
      "ask_depth_concentration": {
        "mean": 0.14624649577913176,
        "std": 0.14797608898236347,
        "n": 94849
      },
      "obi_ex_bbo": {
        "mean": 0.30674172047271736,
        "std": 0.4981966531714403,
        "n": 94849
      },
      "queue_imbalance_best": {
        "mean": 0.5303220272698131,
        "std": 0.2782157722149321,
        "n": 94849
      },
      "book_pressure_asymmetry": {
        "mean": 0.3543352298572424,
        "std": 0.480234490718309,
        "n": 94849
      },
      "lee_ready_proper": {
        "mean": 2.293255595736381,
        "std": 261.875405610201,
        "n": 94849
      },
      "transaction_power_signal": {
        "mean": -11.837232524760408,
        "std": 10.938179259986514,
        "n": 94849
      },
      "aggressive_buy_indicator": {
        "mean": -0.30306065430315554,
        "std": 0.9316685113591668,
        "n": 94849
      },
      "trade_price_dev_bps": {
        "mean": 0.7903971566971535,
        "std": 2.6026710842171843,
        "n": 94849
      },
      "vpin_proxy_per_tick": {
        "mean": 0.9598519752448629,
        "std": 0.19630629348902195,
        "n": 94849
      }
    },
    "000660": {
      "obi_1": {
        "mean": -0.01157466951793388,
        "std": 0.5186474317626728,
        "n": 94291
      },
      "obi_3": {
        "mean": 0.15289322427495153,
        "std": 0.4114378745701524,
        "n": 94291
      },
      "obi_5": {
        "mean": 0.227305613908119,
        "std": 0.43826216770378984,
        "n": 94291
      },
      "obi_10": {
        "mean": 0.2833445363961724,
        "std": 0.44561042188564576,
        "n": 94291
      },
      "obi_total": {
        "mean": 0.2833445363961724,
        "std": 0.44561042188564576,
        "n": 94291
      },
      "microprice": {
        "mean": 959516.1053896027,
        "std": 24258.5149520966,
        "n": 94291
      },
      "microprice_dev_bps": {
        "mean": -0.049672693018779676,
        "std": 2.7376257515084816,
        "n": 94291
      },
      "vamp_bbo": {
        "mean": 959516.1053896027,
        "std": 24258.5149520966,
        "n": 94291
      },
      "vamp_5": {
        "mean": 960214.3878675157,
        "std": 23558.13510297491,
        "n": 94291
      },
      "vamp_10": {
        "mean": 961045.6150007261,
        "std": 22310.72641127187,
        "n": 94291
      },
      "spread_bps": {
        "mean": 10.470891459663546,
        "std": 0.7734613620434951,
        "n": 94291
      },
      "book_slope_bid": {
        "mean": 4.379580784888571,
        "std": 94.63020003091926,
        "n": 94291
      },
      "book_slope_ask": {
        "mean": -10.35651316317077,
        "std": 164.24505676334664,
        "n": 94291
      },
      "book_thickness": {
        "mean": 101585.00748745904,
        "std": 42366.0975146312,
        "n": 94291
      },
      "ofi_proxy": {
        "mean": 0.16107887027358264,
        "std": 0.8820984454300075,
        "n": 94291
      },
      "mid_px": {
        "mean": 959521.4548578337,
        "std": 24280.267896268717,
        "n": 94291
      },
      "minute_of_session": {
        "mean": 2.035884833727989,
        "std": 0.3101488149209084,
        "n": 94291
      },
      "bid_depth_concentration": {
        "mean": 0.08027105987102562,
        "std": 0.09945414838412289,
        "n": 94291
      },
      "ask_depth_concentration": {
        "mean": 0.1692044303884496,
        "std": 0.1578576007000342,
        "n": 94291
      },
      "obi_ex_bbo": {
        "mean": 0.28328730913907824,
        "std": 0.4870634987723427,
        "n": 94291
      },
      "queue_imbalance_best": {
        "mean": 0.49421266524093344,
        "std": 0.2593237158813435,
        "n": 94291
      },
      "book_pressure_asymmetry": {
        "mean": 0.2833445363961724,
        "std": 0.44561042188564576,
        "n": 94291
      },
      "lee_ready_proper": {
        "mean": 2.1361635787084663,
        "std": 83.60202867899143,
        "n": 94291
      },
      "transaction_power_signal": {
        "mean": -16.10552384612529,
        "std": 10.747003986778498,
        "n": 94291
      },
      "aggressive_buy_indicator": {
        "mean": -0.060016332417728094,
        "std": 0.9753370633969421,
        "n": 94291
      },
      "trade_price_dev_bps": {
        "mean": 0.194706100361044,
        "std": 4.909618202016001,
        "n": 94291
      },
      "vpin_proxy_per_tick": {
        "mean": 0.9548843473926462,
        "std": 0.20755777628690864,
        "n": 94291
      }
    }
  },
  "metadata": {
    "dates": [
      "20260317",
      "20260323",
      "20260326"
    ],
    "symbols": [
      "005930",
      "000660"
    ],
    "n_primitives": 27,
    "sample_per_pair": 30000,
    "computed_at": "2026-04-26T06:21:36.090358"
  }
}